void_fraction,correlation_length_nm,thickness_um,haze
0.02,8,20,0.00432555
0.02,8,22.0144,0.00476113
0.02,8,24.0288,0.00519669
0.02,8,26.0432,0.00563224
0.02,8,28.0576,0.00606777
0.02,8,30.0719,0.00650328
0.02,8,32.0863,0.00693877
0.02,8,34.1007,0.00737425
0.02,8,36.1151,0.00780971
0.02,8,38.1295,0.00824515
0.02,8,40.1439,0.00868057
0.02,8,42.1583,0.00911598
0.02,8,44.1727,0.00955136
0.02,8,46.1871,0.00998673
0.02,8,48.2014,0.0104221
0.02,8,50.2158,0.0108574
0.02,8,52.2302,0.0112927
0.02,8,54.2446,0.011728
0.02,8,56.259,0.0121633
0.02,8,58.2734,0.0125985
0.02,8,60.2878,0.0130338
0.02,8,62.3022,0.013469
0.02,8,64.3165,0.0139042
0.02,8,66.3309,0.0143394
0.02,8,68.3453,0.0147745
0.02,8,70.3597,0.0152097
0.02,8,72.3741,0.0156448
0.02,8,74.3885,0.0160799
0.02,8,76.4029,0.0165149
0.02,8,78.4173,0.01695
0.02,8,80.4317,0.017385
0.02,8,82.446,0.01782
0.02,8,84.4604,0.018255
0.02,8,86.4748,0.01869
0.02,8,88.4892,0.0191249
0.02,8,90.5036,0.0195599
0.02,8,92.518,0.0199948
0.02,8,94.5324,0.0204296
0.02,8,96.5468,0.0208645
0.02,8,98.5612,0.0212993
0.02,8,100.576,0.0217342
0.02,8,102.59,0.0221689
0.02,8,104.604,0.0226037
0.02,8,106.619,0.0230385
0.02,8,108.633,0.0234732
0.02,8,110.647,0.0239079
0.02,8,112.662,0.0243426
0.02,8,114.676,0.0247772
0.02,8,116.691,0.0252118
0.02,8,118.705,0.0256464
0.02,8,120.719,0.026081
0.02,8,122.734,0.0265156
0.02,8,124.748,0.0269501
0.02,8,126.763,0.0273846
0.02,8,128.777,0.0278191
0.02,8,130.791,0.0282536
0.02,8,132.806,0.028688
0.02,8,134.82,0.0291224
0.02,8,136.835,0.0295568
0.02,8,138.849,0.0299911
0.02,8,140.863,0.0304255
0.02,8,142.878,0.0308598
0.02,8,144.892,0.0312941
0.02,8,146.906,0.0317283
0.02,8,148.921,0.0321626
0.02,8,150.935,0.0325968
0.02,8,152.95,0.0330309
0.02,8,154.964,0.0334651
0.02,8,156.978,0.0338992
0.02,8,158.993,0.0343333
0.02,8,161.007,0.0347674
0.02,8,163.022,0.0352014
0.02,8,165.036,0.0356354
0.02,8,167.05,0.0360694
0.02,8,169.065,0.0365034
0.02,8,171.079,0.0369373
0.02,8,173.094,0.0373712
0.02,8,175.108,0.0378051
0.02,8,177.122,0.0382389
0.02,8,179.137,0.0386728
0.02,8,181.151,0.0391065
0.02,8,183.165,0.0395403
0.02,8,185.18,0.039974
0.02,8,187.194,0.0404078
0.02,8,189.209,0.0408414
0.02,8,191.223,0.0412751
0.02,8,193.237,0.0417087
0.02,8,195.252,0.0421423
0.02,8,197.266,0.0425758
0.02,8,199.281,0.0430094
0.02,8,201.295,0.0434429
0.02,8,203.309,0.0438763
0.02,8,205.324,0.0443098
0.02,8,207.338,0.0447432
0.02,8,209.353,0.0451766
0.02,8,211.367,0.0456099
0.02,8,213.381,0.0460432
0.02,8,215.396,0.0464765
0.02,8,217.41,0.0469098
0.02,8,219.424,0.047343
0.02,8,221.439,0.0477762
0.02,8,223.453,0.0482093
0.02,8,225.468,0.0486425
0.02,8,227.482,0.0490755
0.02,8,229.496,0.0495086
0.02,8,231.511,0.0499416
0.02,8,233.525,0.0503746
0.02,8,235.54,0.0508076
0.02,8,237.554,0.0512405
0.02,8,239.568,0.0516734
0.02,8,241.583,0.0521063
0.02,8,243.597,0.0525391
0.02,8,245.612,0.0529719
0.02,8,247.626,0.0534047
0.02,8,249.64,0.0538374
0.02,8,251.655,0.0542702
0.02,8,253.669,0.0547028
0.02,8,255.683,0.0551355
0.02,8,257.698,0.055568
0.02,8,259.712,0.0560006
0.02,8,261.727,0.0564331
0.02,8,263.741,0.0568656
0.02,8,265.755,0.0572981
0.02,8,267.77,0.0577305
0.02,8,269.784,0.0581629
0.02,8,271.799,0.0585953
0.02,8,273.813,0.0590276
0.02,8,275.827,0.0594599
0.02,8,277.842,0.0598921
0.02,8,279.856,0.0603243
0.02,8,281.871,0.0607565
0.02,8,283.885,0.0611887
0.02,8,285.899,0.0616208
0.02,8,287.914,0.0620528
0.02,8,289.928,0.0624849
0.02,8,291.942,0.0629169
0.02,8,293.957,0.0633488
0.02,8,295.971,0.0637808
0.02,8,297.986,0.0642126
0.02,8,300,0.0646445
0.05,10,20,0.0200925
0.05,10,22.0144,0.022113
0.05,10,24.0288,0.0241329
0.05,10,26.0432,0.0261521
0.05,10,28.0576,0.0281706
0.05,10,30.0719,0.0301884
0.05,10,32.0863,0.0322055
0.05,10,34.1007,0.034222
0.05,10,36.1151,0.0362376
0.05,10,38.1295,0.0382526
0.05,10,40.1439,0.0402668
0.05,10,42.1583,0.0422802
0.05,10,44.1727,0.0442928
0.05,10,46.1871,0.0463046
0.05,10,48.2014,0.0483156
0.05,10,50.2158,0.0503258
0.05,10,52.2302,0.0523351
0.05,10,54.2446,0.0543436
0.05,10,56.259,0.0563512
0.05,10,58.2734,0.0583579
0.05,10,60.2878,0.0603638
0.05,10,62.3022,0.0623687
0.05,10,64.3165,0.0643726
0.05,10,66.3309,0.0663757
0.05,10,68.3453,0.0683778
0.05,10,70.3597,0.0703789
0.05,10,72.3741,0.072379
0.05,10,74.3885,0.0743781
0.05,10,76.4029,0.0763762
0.05,10,78.4173,0.0783733
0.05,10,80.4317,0.0803694
0.05,10,82.446,0.0823644
0.05,10,84.4604,0.0843583
0.05,10,86.4748,0.0863512
0.05,10,88.4892,0.088343
0.05,10,90.5036,0.0903336
0.05,10,92.518,0.0923232
0.05,10,94.5324,0.0943116
0.05,10,96.5468,0.0962988
0.05,10,98.5612,0.0982849
0.05,10,100.576,0.10027
0.05,10,102.59,0.102254
0.05,10,104.604,0.104236
0.05,10,106.619,0.106217
0.05,10,108.633,0.108198
0.05,10,110.647,0.110176
0.05,10,112.662,0.112154
0.05,10,114.676,0.11413
0.05,10,116.691,0.116105
0.05,10,118.705,0.118079
0.05,10,120.719,0.120052
0.05,10,122.734,0.122023
0.05,10,124.748,0.123993
0.05,10,126.763,0.125961
0.05,10,128.777,0.127928
0.05,10,130.791,0.129894
0.05,10,132.806,0.131858
0.05,10,134.82,0.133821
0.05,10,136.835,0.135783
0.05,10,138.849,0.137743
0.05,10,140.863,0.139702
0.05,10,142.878,0.141659
0.05,10,144.892,0.143615
0.05,10,146.906,0.145569
0.05,10,148.921,0.147522
0.05,10,150.935,0.149473
0.05,10,152.95,0.151423
0.05,10,154.964,0.153371
0.05,10,156.978,0.155318
0.05,10,158.993,0.157263
0.05,10,161.007,0.159207
0.05,10,163.022,0.161149
0.05,10,165.036,0.163089
0.05,10,167.05,0.165028
0.05,10,169.065,0.166966
0.05,10,171.079,0.168901
0.05,10,173.094,0.170835
0.05,10,175.108,0.172768
0.05,10,177.122,0.174699
0.05,10,179.137,0.176628
0.05,10,181.151,0.178555
0.05,10,183.165,0.180481
0.05,10,185.18,0.182405
0.05,10,187.194,0.184327
0.05,10,189.209,0.186248
0.05,10,191.223,0.188166
0.05,10,193.237,0.190083
0.05,10,195.252,0.191999
0.05,10,197.266,0.193912
0.05,10,199.281,0.195824
0.05,10,201.295,0.197734
0.05,10,203.309,0.199642
0.05,10,205.324,0.201549
0.05,10,207.338,0.203453
0.05,10,209.353,0.205356
0.05,10,211.367,0.207257
0.05,10,213.381,0.209156
0.05,10,215.396,0.211053
0.05,10,217.41,0.212948
0.05,10,219.424,0.214841
0.05,10,221.439,0.216732
0.05,10,223.453,0.218622
0.05,10,225.468,0.220509
0.05,10,227.482,0.222395
0.05,10,229.496,0.224279
0.05,10,231.511,0.22616
0.05,10,233.525,0.22804
0.05,10,235.54,0.229918
0.05,10,237.554,0.231794
0.05,10,239.568,0.233667
0.05,10,241.583,0.235539
0.05,10,243.597,0.237409
0.05,10,245.612,0.239277
0.05,10,247.626,0.241142
0.05,10,249.64,0.243006
0.05,10,251.655,0.244867
0.05,10,253.669,0.246727
0.05,10,255.683,0.248584
0.05,10,257.698,0.250439
0.05,10,259.712,0.252293
0.05,10,261.727,0.254144
0.05,10,263.741,0.255993
0.05,10,265.755,0.257839
0.05,10,267.77,0.259684
0.05,10,269.784,0.261526
0.05,10,271.799,0.263367
0.05,10,273.813,0.265205
0.05,10,275.827,0.267041
0.05,10,277.842,0.268875
0.05,10,279.856,0.270706
0.05,10,281.871,0.272536
0.05,10,283.885,0.274363
0.05,10,285.899,0.276188
0.05,10,287.914,0.278011
0.05,10,289.928,0.279831
0.05,10,291.942,0.281649
0.05,10,293.957,0.283465
0.05,10,295.971,0.285279
0.05,10,297.986,0.28709
0.05,10,300,0.288899
0.05,15,20,0.0633606
0.05,15,22.0144,0.0696744
0.05,15,24.0288,0.0759743
0.05,15,26.0432,0.0822599
0.05,15,28.0576,0.088531
0.05,15,30.0719,0.0947871
0.05,15,32.0863,0.101028
0.05,15,34.1007,0.107253
0.05,15,36.1151,0.113462
0.05,15,38.1295,0.119655
0.05,15,40.1439,0.125831
0.05,15,42.1583,0.13199
0.05,15,44.1727,0.138132
0.05,15,46.1871,0.144256
0.05,15,48.2014,0.150363
0.05,15,50.2158,0.156451
0.05,15,52.2302,0.16252
0.05,15,54.2446,0.168571
0.05,15,56.259,0.174602
0.05,15,58.2734,0.180614
0.05,15,60.2878,0.186606
0.05,15,62.3022,0.192578
0.05,15,64.3165,0.19853
0.05,15,66.3309,0.204461
0.05,15,68.3453,0.210371
0.05,15,70.3597,0.21626
0.05,15,72.3741,0.222128
0.05,15,74.3885,0.227974
0.05,15,76.4029,0.233798
0.05,15,78.4173,0.239599
0.05,15,80.4317,0.245379
0.05,15,82.446,0.251135
0.05,15,84.4604,0.256869
0.05,15,86.4748,0.26258
0.05,15,88.4892,0.268267
0.05,15,90.5036,0.273931
0.05,15,92.518,0.279571
0.05,15,94.5324,0.285187
0.05,15,96.5468,0.290778
0.05,15,98.5612,0.296346
0.05,15,100.576,0.301888
0.05,15,102.59,0.307406
0.05,15,104.604,0.312899
0.05,15,106.619,0.318366
0.05,15,108.633,0.323809
0.05,15,110.647,0.329225
0.05,15,112.662,0.334616
0.05,15,114.676,0.339981
0.05,15,116.691,0.345321
0.05,15,118.705,0.350634
0.05,15,120.719,0.35592
0.05,15,122.734,0.36118
0.05,15,124.748,0.366414
0.05,15,126.763,0.371621
0.05,15,128.777,0.376801
0.05,15,130.791,0.381954
0.05,15,132.806,0.38708
0.05,15,134.82,0.392178
0.05,15,136.835,0.397249
0.05,15,138.849,0.402293
0.05,15,140.863,0.40731
0.05,15,142.878,0.412298
0.05,15,144.892,0.417259
0.05,15,146.906,0.422192
0.05,15,148.921,0.427098
0.05,15,150.935,0.431975
0.05,15,152.95,0.436824
0.05,15,154.964,0.441645
0.05,15,156.978,0.446438
0.05,15,158.993,0.451203
0.05,15,161.007,0.455939
0.05,15,163.022,0.460647
0.05,15,165.036,0.465327
0.05,15,167.05,0.469978
0.05,15,169.065,0.474601
0.05,15,171.079,0.479195
0.05,15,173.094,0.483761
0.05,15,175.108,0.488298
0.05,15,177.122,0.492807
0.05,15,179.137,0.497287
0.05,15,181.151,0.501738
0.05,15,183.165,0.50616
0.05,15,185.18,0.510555
0.05,15,187.194,0.51492
0.05,15,189.209,0.519257
0.05,15,191.223,0.523565
0.05,15,193.237,0.527844
0.05,15,195.252,0.532095
0.05,15,197.266,0.536317
0.05,15,199.281,0.540511
0.05,15,201.295,0.544676
0.05,15,203.309,0.548813
0.05,15,205.324,0.552921
0.05,15,207.338,0.557
0.05,15,209.353,0.561051
0.05,15,211.367,0.565074
0.05,15,213.381,0.569068
0.05,15,215.396,0.573034
0.05,15,217.41,0.576972
0.05,15,219.424,0.580882
0.05,15,221.439,0.584763
0.05,15,223.453,0.588616
0.05,15,225.468,0.592441
0.05,15,227.482,0.596239
0.05,15,229.496,0.600008
0.05,15,231.511,0.603749
0.05,15,233.525,0.607463
0.05,15,235.54,0.611149
0.05,15,237.554,0.614807
0.05,15,239.568,0.618437
0.05,15,241.583,0.62204
0.05,15,243.597,0.625616
0.05,15,245.612,0.629165
0.05,15,247.626,0.632686
0.05,15,249.64,0.63618
0.05,15,251.655,0.639647
0.05,15,253.669,0.643087
0.05,15,255.683,0.6465
0.05,15,257.698,0.649886
0.05,15,259.712,0.653246
0.05,15,261.727,0.656579
0.05,15,263.741,0.659885
0.05,15,265.755,0.663165
0.05,15,267.77,0.666419
0.05,15,269.784,0.669647
0.05,15,271.799,0.672849
0.05,15,273.813,0.676024
0.05,15,275.827,0.679174
0.05,15,277.842,0.682298
0.05,15,279.856,0.685397
0.05,15,281.871,0.68847
0.05,15,283.885,0.691518
0.05,15,285.899,0.69454
0.05,15,287.914,0.697537
0.05,15,289.928,0.70051
0.05,15,291.942,0.703457
0.05,15,293.957,0.70638
0.05,15,295.971,0.709278
0.05,15,297.986,0.712151
0.05,15,300,0.715
