liquid,chitosan_fraction,E_q05_GPa,E_median_GPa,E_q95_GPa
neutral,0,0.175404,0.847234,4.12675
neutral,0.01,0.308265,1.13236,4.19
neutral,0.02,0.378238,1.36083,4.26556
neutral,0.03,0.426912,1.53849,4.37204
neutral,0.04,0.46225,1.67959,4.49801
neutral,0.05,0.488193,1.7921,4.64361
neutral,0.06,0.513427,1.87965,4.7677
neutral,0.07,0.534291,1.95888,4.87486
neutral,0.08,0.552803,2.02548,4.98597
neutral,0.09,0.568395,2.0824,5.07591
neutral,0.1,0.585069,2.13128,5.16093
neutral,0.11,0.601807,2.17383,5.23417
neutral,0.12,0.615796,2.20909,5.29547
neutral,0.13,0.62621,2.24152,5.35007
neutral,0.14,0.636801,2.27006,5.39816
neutral,0.15,0.644838,2.29385,5.42738
neutral,0.16,0.655891,2.31293,5.45873
neutral,0.17,0.666693,2.32873,5.48455
neutral,0.18,0.675617,2.34259,5.49877
neutral,0.19,0.683785,2.35328,5.50391
neutral,0.2,0.692113,2.36122,5.5114
neutral,0.21,0.699447,2.36717,5.51036
neutral,0.22,0.705463,2.37099,5.50383
neutral,0.23,0.711671,2.37512,5.48827
neutral,0.24,0.718425,2.3763,5.47377
neutral,0.25,0.722922,2.37462,5.44988
neutral,0.26,0.728796,2.3709,5.42684
neutral,0.27,0.735057,2.36639,5.40075
neutral,0.28,0.738683,2.36015,5.36884
neutral,0.29,0.742452,2.352,5.33173
neutral,0.3,0.746786,2.34389,5.29905
neutral,0.31,0.751977,2.33363,5.26114
neutral,0.32,0.754515,2.32232,5.21958
neutral,0.33,0.757378,2.31168,5.17885
neutral,0.34,0.759188,2.29866,5.13677
neutral,0.35,0.762018,2.28622,5.09129
neutral,0.36,0.761803,2.27141,5.04592
neutral,0.37,0.764264,2.25788,5.00032
neutral,0.38,0.764883,2.24235,4.952
neutral,0.39,0.765242,2.22863,4.90225
neutral,0.4,0.766139,2.21424,4.84999
acid,0,0.175404,0.847234,4.12675
acid,0.01,0.207248,0.882076,3.99795
acid,0.02,0.222101,0.918039,3.88245
acid,0.03,0.229846,0.947164,3.79185
acid,0.04,0.235131,0.970855,3.72808
acid,0.05,0.237178,0.989654,3.66893
acid,0.06,0.239366,1.0035,3.62281
acid,0.07,0.240542,1.01366,3.58223
acid,0.08,0.241773,1.02122,3.55497
acid,0.09,0.242368,1.02821,3.52514
acid,0.1,0.242768,1.03332,3.49729
acid,0.11,0.243209,1.03693,3.46762
acid,0.12,0.243441,1.03942,3.44234
acid,0.13,0.244097,1.04129,3.41818
acid,0.14,0.244627,1.04142,3.38631
acid,0.15,0.245237,1.04106,3.35487
acid,0.16,0.245263,1.03916,3.32811
acid,0.17,0.245472,1.03679,3.30182
acid,0.18,0.245279,1.0329,3.27495
acid,0.19,0.245284,1.02899,3.24873
acid,0.2,0.245291,1.02411,3.22284
acid,0.21,0.245195,1.01878,3.19163
acid,0.22,0.244775,1.01343,3.15776
acid,0.23,0.244225,1.00753,3.12398
acid,0.24,0.243316,1.0009,3.09335
acid,0.25,0.242731,0.994211,3.06255
acid,0.26,0.242015,0.987131,3.03
acid,0.27,0.241183,0.97954,2.99676
acid,0.28,0.23993,0.971928,2.96473
acid,0.29,0.239162,0.962651,2.93215
acid,0.3,0.23861,0.954283,2.89787
acid,0.31,0.23806,0.945207,2.86506
acid,0.32,0.236744,0.936094,2.82856
acid,0.33,0.235683,0.926285,2.79289
acid,0.34,0.23471,0.916625,2.75575
acid,0.35,0.23328,0.907016,2.71869
acid,0.36,0.232099,0.896968,2.68261
acid,0.37,0.230741,0.887338,2.64842
acid,0.38,0.229387,0.877409,2.61136
acid,0.39,0.228283,0.866969,2.57416
acid,0.4,0.226951,0.856746,2.53633
