geometry,strain_budget,LDR,mean_tensile_strain
tray (lid-like),0.261565,1,0.261565
tray (lid-like),0.261565,1.01,0.251615
tray (lid-like),0.261565,1.02,0.241763
tray (lid-like),0.261565,1.03,0.232007
tray (lid-like),0.261565,1.04,0.222345
tray (lid-like),0.261565,1.05,0.212775
tray (lid-like),0.261565,1.06,0.203296
tray (lid-like),0.261565,1.07,0.193907
tray (lid-like),0.261565,1.08,0.184604
tray (lid-like),0.261565,1.09,0.175388
tray (lid-like),0.261565,1.1,0.166255
tray (lid-like),0.261565,1.11,0.157205
tray (lid-like),0.261565,1.12,0.148237
tray (lid-like),0.261565,1.13,0.139348
tray (lid-like),0.261565,1.14,0.130537
tray (lid-like),0.261565,1.15,0.121803
tray (lid-like),0.261565,1.16,0.113145
tray (lid-like),0.261565,1.17,0.104562
tray (lid-like),0.261565,1.18,0.096051
tray (lid-like),0.261565,1.19,0.0876121
tray (lid-like),0.261565,1.2,0.0792438
tray (lid-like),0.261565,1.21,0.070945
tray (lid-like),0.261565,1.22,0.0627145
tray (lid-like),0.261565,1.23,0.0545512
tray (lid-like),0.261565,1.24,0.046454
tray (lid-like),0.261565,1.25,0.0384218
tray (lid-like),0.261565,1.26,0.0304537
tray (lid-like),0.261565,1.27,0.0225485
tray (lid-like),0.261565,1.28,0.0147053
tray (lid-like),0.261565,1.29,0.00692317
tray (lid-like),0.261565,1.3,0
tray (lid-like),0.261565,1.31,0
tray (lid-like),0.261565,1.32,0
tray (lid-like),0.261565,1.33,0
tray (lid-like),0.261565,1.34,0
tray (lid-like),0.261565,1.35,0
tray (lid-like),0.261565,1.36,0
tray (lid-like),0.261565,1.37,0
tray (lid-like),0.261565,1.38,0
tray (lid-like),0.261565,1.39,0
tray (lid-like),0.261565,1.4,0
tray (lid-like),0.261565,1.41,0
tray (lid-like),0.261565,1.42,0
tray (lid-like),0.261565,1.43,0
tray (lid-like),0.261565,1.44,0
tray (lid-like),0.261565,1.45,0
tray (lid-like),0.261565,1.46,0
tray (lid-like),0.261565,1.47,0
tray (lid-like),0.261565,1.48,0
tray (lid-like),0.261565,1.49,0
tray (lid-like),0.261565,1.5,0
tray (lid-like),0.261565,1.51,0
tray (lid-like),0.261565,1.52,0
tray (lid-like),0.261565,1.53,0
tray (lid-like),0.261565,1.54,0
tray (lid-like),0.261565,1.55,0
tray (lid-like),0.261565,1.56,0
tray (lid-like),0.261565,1.57,0
tray (lid-like),0.261565,1.58,0
tray (lid-like),0.261565,1.59,0
tray (lid-like),0.261565,1.6,0
tray (lid-like),0.261565,1.61,0
tray (lid-like),0.261565,1.62,0
tray (lid-like),0.261565,1.63,0
tray (lid-like),0.261565,1.64,0
tray (lid-like),0.261565,1.65,0
tray (lid-like),0.261565,1.66,0
tray (lid-like),0.261565,1.67,0
tray (lid-like),0.261565,1.68,0
tray (lid-like),0.261565,1.69,0
tray (lid-like),0.261565,1.7,0
tray (lid-like),0.261565,1.71,0
tray (lid-like),0.261565,1.72,0
tray (lid-like),0.261565,1.73,0
tray (lid-like),0.261565,1.74,0
tray (lid-like),0.261565,1.75,0
tray (lid-like),0.261565,1.76,0
tray (lid-like),0.261565,1.77,0
tray (lid-like),0.261565,1.78,0
tray (lid-like),0.261565,1.79,0
tray (lid-like),0.261565,1.8,0
tray (lid-like),0.261565,1.81,0
tray (lid-like),0.261565,1.82,0
tray (lid-like),0.261565,1.83,0
tray (lid-like),0.261565,1.84,0
tray (lid-like),0.261565,1.85,0
tray (lid-like),0.261565,1.86,0
tray (lid-like),0.261565,1.87,0
tray (lid-like),0.261565,1.88,0
tray (lid-like),0.261565,1.89,0
tray (lid-like),0.261565,1.9,0
tray (lid-like),0.261565,1.91,0
tray (lid-like),0.261565,1.92,0
tray (lid-like),0.261565,1.93,0
tray (lid-like),0.261565,1.94,0
tray (lid-like),0.261565,1.95,0
tray (lid-like),0.261565,1.96,0
tray (lid-like),0.261565,1.97,0
tray (lid-like),0.261565,1.98,0
tray (lid-like),0.261565,1.99,0
tray (lid-like),0.261565,2,0
tray (lid-like),0.261565,2.01,0
tray (lid-like),0.261565,2.02,0
tray (lid-like),0.261565,2.03,0
tray (lid-like),0.261565,2.04,0
tray (lid-like),0.261565,2.05,0
tray (lid-like),0.261565,2.06,0
tray (lid-like),0.261565,2.07,0
tray (lid-like),0.261565,2.08,0
tray (lid-like),0.261565,2.09,0
tray (lid-like),0.261565,2.1,0
tray (lid-like),0.261565,2.11,0
tray (lid-like),0.261565,2.12,0
tray (lid-like),0.261565,2.13,0
tray (lid-like),0.261565,2.14,0
tray (lid-like),0.261565,2.15,0
tray (lid-like),0.261565,2.16,0
tray (lid-like),0.261565,2.17,0
tray (lid-like),0.261565,2.18,0
tray (lid-like),0.261565,2.19,0
tray (lid-like),0.261565,2.2,0
bowl,0.666853,1,0.666853
bowl,0.666853,1.01,0.656903
bowl,0.666853,1.02,0.647051
bowl,0.666853,1.03,0.637295
bowl,0.666853,1.04,0.627633
bowl,0.666853,1.05,0.618063
bowl,0.666853,1.06,0.608584
bowl,0.666853,1.07,0.599195
bowl,0.666853,1.08,0.589892
bowl,0.666853,1.09,0.580676
bowl,0.666853,1.1,0.571543
bowl,0.666853,1.11,0.562493
bowl,0.666853,1.12,0.553525
bowl,0.666853,1.13,0.544636
bowl,0.666853,1.14,0.535825
bowl,0.666853,1.15,0.527091
bowl,0.666853,1.16,0.518433
bowl,0.666853,1.17,0.50985
bowl,0.666853,1.18,0.501339
bowl,0.666853,1.19,0.4929
bowl,0.666853,1.2,0.484532
bowl,0.666853,1.21,0.476233
bowl,0.666853,1.22,0.468003
bowl,0.666853,1.23,0.459839
bowl,0.666853,1.24,0.451742
bowl,0.666853,1.25,0.44371
bowl,0.666853,1.26,0.435742
bowl,0.666853,1.27,0.427837
bowl,0.666853,1.28,0.419993
bowl,0.666853,1.29,0.412211
bowl,0.666853,1.3,0.404489
bowl,0.666853,1.31,0.396826
bowl,0.666853,1.32,0.389222
bowl,0.666853,1.33,0.381674
bowl,0.666853,1.34,0.374184
bowl,0.666853,1.35,0.366749
bowl,0.666853,1.36,0.359369
bowl,0.666853,1.37,0.352043
bowl,0.666853,1.38,0.34477
bowl,0.666853,1.39,0.33755
bowl,0.666853,1.4,0.330381
bowl,0.666853,1.41,0.323264
bowl,0.666853,1.42,0.316197
bowl,0.666853,1.43,0.309179
bowl,0.666853,1.44,0.30221
bowl,0.666853,1.45,0.29529
bowl,0.666853,1.46,0.288417
bowl,0.666853,1.47,0.281591
bowl,0.666853,1.48,0.274811
bowl,0.666853,1.49,0.268077
bowl,0.666853,1.5,0.261388
bowl,0.666853,1.51,0.254744
bowl,0.666853,1.52,0.248143
bowl,0.666853,1.53,0.241586
bowl,0.666853,1.54,0.235071
bowl,0.666853,1.55,0.228598
bowl,0.666853,1.56,0.222168
bowl,0.666853,1.57,0.215778
bowl,0.666853,1.58,0.209429
bowl,0.666853,1.59,0.203119
bowl,0.666853,1.6,0.19685
bowl,0.666853,1.61,0.190619
bowl,0.666853,1.62,0.184427
bowl,0.666853,1.63,0.178273
bowl,0.666853,1.64,0.172157
bowl,0.666853,1.65,0.166078
bowl,0.666853,1.66,0.160036
bowl,0.666853,1.67,0.15403
bowl,0.666853,1.68,0.14806
bowl,0.666853,1.69,0.142125
bowl,0.666853,1.7,0.136225
bowl,0.666853,1.71,0.13036
bowl,0.666853,1.72,0.124529
bowl,0.666853,1.73,0.118732
bowl,0.666853,1.74,0.112968
bowl,0.666853,1.75,0.107238
bowl,0.666853,1.76,0.10154
bowl,0.666853,1.77,0.0958739
bowl,0.666853,1.78,0.09024
bowl,0.666853,1.79,0.0846378
bowl,0.666853,1.8,0.0790667
bowl,0.666853,1.81,0.0735266
bowl,0.666853,1.82,0.0680169
bowl,0.666853,1.83,0.0625374
bowl,0.666853,1.84,0.0570878
bowl,0.666853,1.85,0.0516678
bowl,0.666853,1.86,0.0462769
bowl,0.666853,1.87,0.040915
bowl,0.666853,1.88,0.0355816
bowl,0.666853,1.89,0.0302766
bowl,0.666853,1.9,0.0249995
bowl,0.666853,1.91,0.0197502
bowl,0.666853,1.92,0.0145282
bowl,0.666853,1.93,0.0093334
bowl,0.666853,1.94,0.00416543
bowl,0.666853,1.95,0
bowl,0.666853,1.96,0
bowl,0.666853,1.97,0
bowl,0.666853,1.98,0
bowl,0.666853,1.99,0
bowl,0.666853,2,0
bowl,0.666853,2.01,0
bowl,0.666853,2.02,0
bowl,0.666853,2.03,0
bowl,0.666853,2.04,0
bowl,0.666853,2.05,0
bowl,0.666853,2.06,0
bowl,0.666853,2.07,0
bowl,0.666853,2.08,0
bowl,0.666853,2.09,0
bowl,0.666853,2.1,0
bowl,0.666853,2.11,0
bowl,0.666853,2.12,0
bowl,0.666853,2.13,0
bowl,0.666853,2.14,0
bowl,0.666853,2.15,0
bowl,0.666853,2.16,0
bowl,0.666853,2.17,0
bowl,0.666853,2.18,0
bowl,0.666853,2.19,0
bowl,0.666853,2.2,0
cup,1.1047,1,1.1047
cup,1.1047,1.01,1.09475
cup,1.1047,1.02,1.08489
cup,1.1047,1.03,1.07514
cup,1.1047,1.04,1.06547
cup,1.1047,1.05,1.05591
cup,1.1047,1.06,1.04643
cup,1.1047,1.07,1.03704
cup,1.1047,1.08,1.02773
cup,1.1047,1.09,1.01852
cup,1.1047,1.1,1.00939
cup,1.1047,1.11,1.00034
cup,1.1047,1.12,0.991367
cup,1.1047,1.13,0.982478
cup,1.1047,1.14,0.973667
cup,1.1047,1.15,0.964934
cup,1.1047,1.16,0.956276
cup,1.1047,1.17,0.947692
cup,1.1047,1.18,0.939181
cup,1.1047,1.19,0.930742
cup,1.1047,1.2,0.922374
cup,1.1047,1.21,0.914075
cup,1.1047,1.22,0.905845
cup,1.1047,1.23,0.897681
cup,1.1047,1.24,0.889584
cup,1.1047,1.25,0.881552
cup,1.1047,1.26,0.873584
cup,1.1047,1.27,0.865679
cup,1.1047,1.28,0.857835
cup,1.1047,1.29,0.850053
cup,1.1047,1.3,0.842331
cup,1.1047,1.31,0.834668
cup,1.1047,1.32,0.827064
cup,1.1047,1.33,0.819517
cup,1.1047,1.34,0.812026
cup,1.1047,1.35,0.804591
cup,1.1047,1.36,0.797211
cup,1.1047,1.37,0.789885
cup,1.1047,1.38,0.782612
cup,1.1047,1.39,0.775392
cup,1.1047,1.4,0.768223
cup,1.1047,1.41,0.761106
cup,1.1047,1.42,0.754039
cup,1.1047,1.43,0.747021
cup,1.1047,1.44,0.740052
cup,1.1047,1.45,0.733132
cup,1.1047,1.46,0.726259
cup,1.1047,1.47,0.719433
cup,1.1047,1.48,0.712653
cup,1.1047,1.49,0.705919
cup,1.1047,1.5,0.69923
cup,1.1047,1.51,0.692586
cup,1.1047,1.52,0.685985
cup,1.1047,1.53,0.679428
cup,1.1047,1.54,0.672913
cup,1.1047,1.55,0.666441
cup,1.1047,1.56,0.66001
cup,1.1047,1.57,0.65362
cup,1.1047,1.58,0.647271
cup,1.1047,1.59,0.640962
cup,1.1047,1.6,0.634692
cup,1.1047,1.61,0.628461
cup,1.1047,1.62,0.622269
cup,1.1047,1.63,0.616116
cup,1.1047,1.64,0.609999
cup,1.1047,1.65,0.60392
cup,1.1047,1.66,0.597878
cup,1.1047,1.67,0.591872
cup,1.1047,1.68,0.585902
cup,1.1047,1.69,0.579967
cup,1.1047,1.7,0.574067
cup,1.1047,1.71,0.568202
cup,1.1047,1.72,0.562371
cup,1.1047,1.73,0.556574
cup,1.1047,1.74,0.55081
cup,1.1047,1.75,0.54508
cup,1.1047,1.76,0.539382
cup,1.1047,1.77,0.533716
cup,1.1047,1.78,0.528082
cup,1.1047,1.79,0.52248
cup,1.1047,1.8,0.516909
cup,1.1047,1.81,0.511369
cup,1.1047,1.82,0.505859
cup,1.1047,1.83,0.50038
cup,1.1047,1.84,0.49493
cup,1.1047,1.85,0.48951
cup,1.1047,1.86,0.484119
cup,1.1047,1.87,0.478757
cup,1.1047,1.88,0.473424
cup,1.1047,1.89,0.468119
cup,1.1047,1.9,0.462842
cup,1.1047,1.91,0.457592
cup,1.1047,1.92,0.45237
cup,1.1047,1.93,0.447176
cup,1.1047,1.94,0.442008
cup,1.1047,1.95,0.436866
cup,1.1047,1.96,0.431751
cup,1.1047,1.97,0.426662
cup,1.1047,1.98,0.421599
cup,1.1047,1.99,0.416561
cup,1.1047,2,0.411548
cup,1.1047,2.01,0.406561
cup,1.1047,2.02,0.401598
cup,1.1047,2.03,0.39666
cup,1.1047,2.04,0.391746
cup,1.1047,2.05,0.386856
cup,1.1047,2.06,0.38199
cup,1.1047,2.07,0.377147
cup,1.1047,2.08,0.372328
cup,1.1047,2.09,0.367531
cup,1.1047,2.1,0.362758
cup,1.1047,2.11,0.358008
cup,1.1047,2.12,0.353279
cup,1.1047,2.13,0.348574
cup,1.1047,2.14,0.34389
cup,1.1047,2.15,0.339228
cup,1.1047,2.16,0.334587
cup,1.1047,2.17,0.329968
cup,1.1047,2.18,0.325371
cup,1.1047,2.19,0.320794
cup,1.1047,2.2,0.316238
