total_tolerance,max_depth_over_base_diameter
0,0
0.01,0.00505034
0.02,0.0102027
0.03,0.0154591
0.04,0.0208218
0.05,0.0262927
0.06,0.0318742
0.07,0.0375684
0.08,0.0433777
0.09,0.0493043
0.1,0.0553507
0.11,0.0615192
0.12,0.0678123
0.13,0.0742325
0.14,0.0807825
0.15,0.0874647
0.16,0.0942819
0.17,0.101237
0.18,0.108332
0.19,0.115571
0.2,0.122956
0.21,0.13049
0.22,0.138177
0.23,0.146018
0.24,0.154019
0.25,0.16218
0.26,0.170507
0.27,0.179002
0.28,0.187668
0.29,0.19651
0.3,0.20553
0.31,0.214732
0.32,0.22412
0.33,0.233698
0.34,0.243469
0.35,0.253438
0.36,0.263608
0.37,0.273984
0.38,0.284569
0.39,0.295368
0.4,0.306385
0.41,0.317625
0.42,0.329092
0.43,0.34079
0.44,0.352725
0.45,0.364901
0.46,0.377323
0.47,0.389995
0.48,0.402924
0.49,0.416114
0.5,0.42957
0.51,0.443299
0.52,0.457304
0.53,0.471593
0.54,0.48617
0.55,0.501042
0.56,0.516214
0.57,0.531692
0.58,0.547483
0.59,0.563594
0.6,0.580029
0.61,0.596797
0.62,0.613903
0.63,0.631355
0.64,0.64916
0.65,0.667324
0.66,0.685855
0.67,0.704761
0.68,0.724048
0.69,0.743725
0.7,0.7638
0.71,0.78428
0.72,0.805174
0.73,0.82649
0.74,0.848236
0.75,0.870422
0.76,0.893056
0.77,0.916148
0.78,0.939705
0.79,0.963739
0.8,0.988258
0.81,1.01327
0.82,1.03879
0.83,1.06483
0.84,1.09139
0.85,1.11849
0.86,1.14613
0.87,1.17434
0.88,1.20311
0.89,1.23246
0.9,1.26241
0.91,1.29296
0.92,1.32413
0.93,1.35593
0.94,1.38838
0.95,1.42147
0.96,1.45524
0.97,1.48969
0.98,1.52483
0.99,1.56069
1,1.59726
1.01,1.63458
1.02,1.67265
1.03,1.71149
1.04,1.75112
1.05,1.79154
1.06,1.83278
1.07,1.87486
1.08,1.91778
1.09,1.96158
1.1,2.00625
1.11,2.05183
1.12,2.09833
1.13,2.14577
1.14,2.19417
1.15,2.24355
1.16,2.29392
1.17,2.34531
1.18,2.39774
1.19,2.45123
1.2,2.50579
1.21,2.56146
1.22,2.61826
1.23,2.6762
1.24,2.73532
1.25,2.79562
