thickness_um,a_max_nm_haze10_phi5,a_max_nm_haze5_phi5
20,17.7615,13.7719
30,15.3112,11.9353
40,13.8076,10.7955
50,12.7553,9.99234
60,11.9615,9.38355
70,11.3325,8.89953
80,10.8167,8.50154
90,10.3827,8.16601
100,10.0104,7.87761
110,9.68594,7.62588
120,9.3995,7.40339
130,9.14395,7.20467
140,8.91391,7.02561
150,8.70525,6.86305
160,8.51472,6.71451
170,8.33974,6.578
180,8.17823,6.45191
190,8.02847,6.33494
200,7.88904,6.22598
210,7.75878,6.12413
220,7.63666,6.02861
230,7.52185,5.93876
240,7.4136,5.85403
250,7.31131,5.77392
260,7.2144,5.69801
270,7.12242,5.62593
280,7.03493,5.55735
290,6.95156,5.49199
300,6.872,5.4296
