percentile,bulk_only,plus_surface,plus_coarse,plus_both
1,0,0.0191732,0.226062,0.349389
2,0,0.0490607,0.316302,0.4683
3,0,0.0817048,0.387149,0.569092
4,0,0.112521,0.453811,0.65718
5,0.00609,0.142361,0.514764,0.738135
6,0.0305872,0.169527,0.570335,0.814235
7,0.0514974,0.196617,0.625581,0.889808
8,0.069671,0.224541,0.68043,0.960628
9,0.0867177,0.251784,0.73469,1.03058
10,0.102724,0.279936,0.786501,1.10182
11,0.118611,0.308522,0.840735,1.16895
12,0.134142,0.3376,0.893811,1.23842
13,0.14924,0.367031,0.945341,1.30993
14,0.165214,0.397577,0.99915,1.38097
15,0.181615,0.428671,1.0546,1.44844
16,0.198788,0.459867,1.10861,1.51929
17,0.216728,0.492122,1.16359,1.58594
18,0.23533,0.525939,1.22101,1.65879
19,0.254736,0.560883,1.27942,1.72942
20,0.27476,0.596387,1.3339,1.80218
21,0.295179,0.632073,1.39367,1.87343
22,0.316202,0.670567,1.45212,1.94655
23,0.337304,0.709745,1.51254,2.01796
24,0.359862,0.750124,1.57206,2.09275
25,0.383999,0.791666,1.63415,2.1668
26,0.407968,0.834216,1.69931,2.24312
27,0.432491,0.878704,1.76629,2.32176
28,0.458415,0.922083,1.83168,2.40185
29,0.485738,0.967565,1.89903,2.48662
30,0.514333,1.01194,1.96813,2.56792
31,0.544416,1.0598,2.04002,2.65197
32,0.576107,1.10855,2.11069,2.73451
33,0.610238,1.15801,2.18592,2.81707
34,0.644839,1.21016,2.26469,2.9021
35,0.680972,1.26404,2.34156,2.99414
36,0.717059,1.32022,2.42561,3.08631
37,0.756602,1.37856,2.51326,3.1778
38,0.797868,1.43824,2.59692,3.27178
39,0.840743,1.49947,2.68518,3.36446
40,0.884361,1.56637,2.77387,3.45958
41,0.932076,1.63353,2.86397,3.56205
42,0.979631,1.70184,2.96094,3.65906
43,1.02879,1.77025,3.05992,3.76072
44,1.08333,1.84117,3.1571,3.86656
45,1.13766,1.91464,3.25543,3.97623
46,1.19686,1.99115,3.36146,4.08692
47,1.25698,2.06878,3.46971,4.20053
48,1.32271,2.15162,3.57923,4.31701
49,1.38855,2.23527,3.69596,4.43686
50,1.46048,2.3221,3.81398,4.55354
51,1.53789,2.41079,3.93877,4.67597
52,1.62371,2.50311,4.06574,4.8031
53,1.70982,2.60144,4.19384,4.9326
54,1.79548,2.70373,4.32689,5.07109
55,1.889,2.80953,4.46224,5.20765
56,1.99034,2.91913,4.60815,5.34411
57,2.09637,3.03397,4.75346,5.48612
58,2.20537,3.1508,4.90486,5.63785
59,2.32327,3.26609,5.06065,5.78507
60,2.44926,3.38934,5.22166,5.93864
61,2.58068,3.52404,5.3837,6.09899
62,2.71996,3.65926,5.55518,6.26778
63,2.8682,3.80234,5.72482,6.452
64,3.02347,3.95344,5.90699,6.6267
65,3.18246,4.10803,6.1049,6.82027
66,3.36159,4.27005,6.31104,7.01581
67,3.54747,4.44209,6.52172,7.22134
68,3.74223,4.62115,6.73732,7.43548
69,3.94916,4.81364,6.96059,7.65648
70,4.16659,5.01232,7.20176,7.88784
71,4.39384,5.22594,7.44817,8.12189
72,4.63618,5.44761,7.70422,8.3747
73,4.89678,5.6838,7.96415,8.63964
74,5.18506,5.94108,8.25436,8.92342
75,5.48085,6.22104,8.55731,9.21296
76,5.79812,6.54371,8.87315,9.52213
77,6.13891,6.86525,9.20207,9.85133
78,6.51552,7.21787,9.54743,10.1927
79,6.90695,7.60662,9.92152,10.5582
80,7.3375,8.01756,10.3009,10.9395
81,7.79103,8.45494,10.7066,11.3654
82,8.2922,8.94225,11.1685,11.7993
83,8.81164,9.44989,11.6575,12.2805
84,9.37863,10.033,12.1828,12.7682
85,10.021,10.6567,12.7326,13.3449
86,10.7416,11.3322,13.3491,13.9491
87,11.5056,12.1079,14.0347,14.6126
88,12.3595,12.9636,14.7874,15.3769
89,13.3503,13.9095,15.6721,16.2262
90,14.394,14.961,16.6742,17.2498
91,15.6519,16.2183,17.8375,18.4217
92,17.0894,17.6908,19.2504,19.8157
93,18.8862,19.4793,20.9022,21.4436
94,20.961,21.4933,22.8692,23.468
95,23.4753,23.956,25.3192,25.8376
96,26.5146,27.0069,28.3111,28.8457
97,30.5451,31.0319,32.1925,32.6763
98,36.2827,36.7177,37.7422,38.122
99,45.4744,45.8433,46.7189,47.0168
